{"epoch": 99, "train_loss": 1.4330596466484309, "train_acc": 0.4669156184486374, "_timestamp": 1648820064, "_runtime": 169, "_step": 199, "val_loss": 1.4456911563873291, "val_acc": 0.45337171052631575, "_wandb": {"runtime": 171}}