{"epoch": 0, "val_loss": 3937.5411933765076, "val_mae": 189001.97752192983, "_timestamp": 1647925963, "_runtime": 17, "_step": 4589, "train_loss": 1.533015378904322, "train_mae": 3904.5659630586524, "step": 4587, "train_acc": 0.3653007846556234, "_wandb": {"runtime": 19}}