{"epoch": 42, "val_loss": 997.8613839213455, "val_mae": 47897.34636213126, "_timestamp": 1647944107, "_runtime": 514, "_step": 85, "train_loss": 979.94510774078, "train_mae": 979.9451087042395}