{"epoch": 99, "train_loss": 1.449025495997015, "train_acc": 0.44523060796645697, "_timestamp": 1649267097, "_runtime": 188, "_step": 199, "val_loss": 1.4617409825325012, "val_acc": 0.42717927631578945, "_wandb": {"runtime": 190}}