{"epoch": 216, "val_loss": 779.8884811401367, "val_mae": 37434.647630550986, "_timestamp": 1647964425, "_runtime": 439, "_step": 432, "train_loss": 742.8992120881186, "train_mae": 742.8992123234452}