{"epoch": 87, "val_loss": 2135582.259375, "val_mae": 44822.39711657072, "_timestamp": 1647964647, "_runtime": 181, "_step": 174, "train_loss": 1895168.9564274447, "train_mae": 909.949049657159}