{"epoch": 23, "train_loss": 1.4660355549938273, "train_acc": 0.42822982180293495, "_timestamp": 1649266402, "_runtime": 41, "_step": 47, "val_loss": 1.471119263768196, "val_acc": 0.424609375}