{"epoch": 22, "val_loss": 20239476.87390351, "val_mae": 133484.73687637062, "_timestamp": 1647939378, "_runtime": 22, "_step": 44, "train_loss": 19634361.553916734, "train_mae": 2794.2842927976394}