{"epoch": 149, "train_loss": 1.0223917211071727, "train_acc": 0.8814460393407761, "_timestamp": 1647455161, "_runtime": 207, "_step": 316, "val_loss": 1.33301316651431, "val_acc": 0.5454545454545454, "val_acc_best": 0.6290909090909091, "_wandb": {"runtime": 208}}