{"epoch": 9, "val_loss": 1.4433264285326004, "val_mae": 25291.821610300165, "_timestamp": 1648881352, "_runtime": 72, "_step": 79, "train_loss": 1.4349098085607372, "train_mae": 1115.6675324888033, "train_acc": 0.4748427672955975, "val_acc": 0.45832648026315786, "_wandb": {"runtime": 73}}