{"epoch": 85, "val_loss": 2767.164891293174, "val_mae": 132823.91344572368, "_timestamp": 1647942860, "_runtime": 126, "_step": 170, "train_loss": 2796.786531299329, "train_mae": 2796.7865328408643}