{"epoch": 68, "val_loss": 32848.15547474644, "val_mae": 6328.982222707648, "_timestamp": 1647940974, "_runtime": 59, "_step": 136, "train_loss": 96225.76233565308, "train_mae": 208.50639188907485}