{"epoch": 149, "train_loss": 1.0141488691392824, "train_acc": 0.8894205209994683, "_timestamp": 1647456323, "_runtime": 217, "_step": 320, "val_loss": 1.3002434821562334, "val_acc": 0.6036363636363636, "val_acc_best": 0.6581818181818182, "_wandb": {"runtime": 219}}