{"epoch": 0, "val_loss": 5763.309338378906, "val_mae": 126792.80565378288, "_timestamp": 1648881058, "_runtime": 17, "_step": 5, "train_loss": 2420.0474640468383, "train_mae": 2420.0474565264976, "_wandb": {"runtime": 18}}