{"epoch": 30, "val_loss": 1262.4255493164062, "val_mae": 60596.42521587171, "_timestamp": 1647960218, "_runtime": 57, "_step": 60, "train_loss": 1277.480953192561, "train_mae": 61319.08551985063}