{"epoch": 99, "val_loss": 1.3699545443058014, "val_mae": 27914.84349300987, "_timestamp": 1649339116, "_runtime": 672, "_step": 799, "train_loss": 1.3434424812688768, "train_mae": 1247.6723695162116, "train_acc": 0.5568003144654088, "val_acc": 0.5294407894736842, "_wandb": {"runtime": 670}}