{"epoch": 1, "val_loss": 10335087.629385965, "val_mae": 98072.8162691886, "_timestamp": 1647941209, "_runtime": 4, "_step": 2, "train_loss": 16858712.623470798, "train_mae": 2493.2654494898034}