{"epoch": 12, "val_loss": 703.0623046875, "val_mae": 33746.99086914062, "_timestamp": 1648881887, "_runtime": 32, "_step": 25, "train_loss": 685.6164454814024, "train_mae": 685.6164421971905}