{"epoch": 0, "train_loss": 1.597148582315521, "train_acc": 0.24880382775119617, "_timestamp": 1647370999, "_runtime": 3, "_step": 2, "val_loss": 1.5899409848993475, "val_acc": 0.2581818181818182, "val_acc_best": 0.2581818181818182, "_wandb": {"runtime": 4}}