{"epoch": 169, "val_loss": 1033.4725524902344, "val_mae": 49606.68271998355, "_timestamp": 1647962547, "_runtime": 423, "_step": 339, "train_loss": 1015.308795225273, "train_mae": 1015.3087956188524}