{"epoch": 75, "train_loss": 1.3991529094348163, "train_acc": 0.5006223794549267, "_timestamp": 1648792463, "_runtime": 124, "_step": 151, "val_loss": 1.41417396068573, "val_acc": 0.4786389802631579}