{"epoch": 99, "val_loss": 1.3791402608156205, "val_mae": 20108.81691509046, "_timestamp": 1649340518, "_runtime": 1012, "_step": 799, "train_loss": 1.3417539469101145, "train_mae": 777.1032129967123, "train_acc": 0.5581761006289309, "val_acc": 0.5138157894736842, "_wandb": {"runtime": 1012}}