{"epoch": 99, "train_loss": 1.4343452363644007, "train_acc": 0.46416404612159334, "_timestamp": 1649264995, "_runtime": 156, "_step": 199, "val_loss": 1.4399245709180832, "val_acc": 0.4577919407894736, "_wandb": {"runtime": 157}}