{"epoch": 1, "train_loss": 1.5631059273233954, "train_acc": 0.3611438679245283, "_timestamp": 1649266353, "_runtime": 9, "_step": 2, "val_loss": 1.576164925098419, "val_acc": 0.34212582236842104}