{"epoch": 399, "train_loss": 1.3992889744680632, "train_acc": 0.5019981656184487, "_timestamp": 1648793659, "_runtime": 737, "_step": 799, "val_loss": 1.420786964893341, "val_acc": 0.4786800986842105, "_wandb": {"runtime": 736}}