{"epoch": 99, "train_loss": 1.3761892311437405, "train_acc": 0.5268474215842637, "_timestamp": 1647372230, "_runtime": 111, "_step": 216, "val_loss": 1.3814806294441224, "val_acc": 0.5163636363636364, "val_acc_best": 0.5672727272727273, "_wandb": {"runtime": 113}}