{"epoch": 249, "train_loss": 1.0021574682913075, "train_acc": 0.9011164274322169, "_timestamp": 1647503146, "_runtime": 364, "_step": 516, "val_loss": 1.2791278778422963, "val_acc": 0.6181818181818182, "val_acc_best": 0.6509090909090909, "_wandb": {"runtime": 365}}