{"epoch": 99, "train_loss": 0.06621116998940124, "train_acc": 0.9883333333333333, "_timestamp": 1647351010, "_runtime": 52, "_step": 217, "val_loss": 0.0654697260010289, "val_acc": 0.97, "accuracy": 0.99, "_wandb": {"runtime": 52}}