{"epoch": 16, "train_loss": 1.3660063809184937, "train_acc": 0.5374800637958532, "_timestamp": 1647454938, "_runtime": 26, "_step": 42, "val_loss": 1.3626866975697605, "val_acc": 0.5454545454545454, "val_acc_best": 0.5636363636363636}