{"epoch": 399, "train_loss": 1.4253034186813067, "train_acc": 0.4754323899371069, "_timestamp": 1648795116, "_runtime": 691, "_step": 799, "val_loss": 1.4515143990516663, "val_acc": 0.44416118421052636, "_wandb": {"runtime": 687}}