{"epoch": 0, "val_loss": 3937.5411933765076, "val_mae": 189001.97752192983, "_timestamp": 1647926071, "_runtime": 12, "_step": 103, "train_loss": 1.5183141939168685, "train_mae": 3904.5659630586524, "step": 10100, "train_acc": 0.3805563805563806, "_wandb": {"runtime": 13}}