{"epoch": 2, "val_loss": 1.4611651659011842, "val_mae": 50450.54407380756, "_timestamp": 1648831563, "_runtime": 27, "_step": 17, "train_loss": 1.463466577559897, "train_mae": 1959.489316067515, "train_acc": 0.44487028301886794, "val_acc": 0.44921875, "_wandb": {"runtime": 28}}