{"epoch": 9, "val_loss": 1.390252709388733, "val_mae": 126792.80565378288, "_timestamp": 1648881143, "_runtime": 33, "_step": 25, "train_loss": 1.3895178958305023, "train_mae": 2420.0474565264976, "train_acc": 0.515297431865828, "val_acc": 0.5072985197368421, "_wandb": {"runtime": 35}}