{"epoch": 99, "train_loss": 0.03179054421517904, "train_acc": 0.9891666666666666, "_timestamp": 1647351554, "_runtime": 51, "_step": 208, "val_loss": 0.12354776212772776, "val_acc": 0.98, "accuracy": 1.0, "_wandb": {"runtime": 52}}