{"epoch": 199, "train_loss": 1.3120358569516837, "train_acc": 0.5959595959595959, "_timestamp": 1647373173, "_runtime": 225, "_step": 416, "val_loss": 1.3481671751629223, "val_acc": 0.5563636363636364, "val_acc_best": 0.5672727272727273, "_wandb": {"runtime": 227}}