{"epoch": 224, "train_loss": 1.0073806664716811, "train_acc": 0.8963317384370016, "_timestamp": 1647416552, "_runtime": 304, "_step": 476, "val_loss": 1.3137072023478422, "val_acc": 0.5927272727272728, "val_acc_best": 0.6145454545454545, "_wandb": {"runtime": 305}}