{"epoch": 99, "train_loss": 1.2958920172146824, "train_acc": 0.6246677299308878, "_timestamp": 1647371553, "_runtime": 130, "_step": 220, "val_loss": 1.3632423338023099, "val_acc": 0.5345454545454545, "val_acc_best": 0.5563636363636364, "_wandb": {"runtime": 132}}