{"epoch": 149, "train_loss": 1.0139637412320166, "train_acc": 0.8894205209994683, "_timestamp": 1647456087, "_runtime": 220, "_step": 318, "val_loss": 1.2835500979423522, "val_acc": 0.610909090909091, "val_acc_best": 0.6618181818181819, "_wandb": {"runtime": 222}}