{"epoch": 23, "val_loss": 2720.415641918517, "val_mae": 130579.9492872807, "_timestamp": 1647943226, "_runtime": 38, "_step": 46, "train_loss": 2730.4148713242093, "train_mae": 2730.414871356325}