{"epoch": 133, "val_loss": 1027.054123995597, "val_mae": 49298.59760485197, "_timestamp": 1647944324, "_runtime": 194, "_step": 266, "train_loss": 1009.3127627353924, "train_mae": 1009.3127588012662}