{"epoch": 99, "train_loss": 1.430494635360046, "train_acc": 0.46658805031446543, "_timestamp": 1649266114, "_runtime": 160, "_step": 199, "val_loss": 1.4415352433919906, "val_acc": 0.45152138157894733, "_wandb": {"runtime": 161}}