{"epoch": 399, "train_loss": 1.4127635468476973, "train_acc": 0.48499737945492666, "_timestamp": 1648796108, "_runtime": 729, "_step": 799, "val_loss": 1.4275865852832794, "val_acc": 0.46774259868421053, "_wandb": {"runtime": 725}}