{"epoch": 99, "train_loss": 0.033884604731284, "train_acc": 0.9916666666666667, "_timestamp": 1647351413, "_runtime": 51, "_step": 216, "val_loss": 0.0844392444822006, "val_acc": 0.96, "accuracy": 1.0, "_wandb": {"runtime": 52}}