{"epoch": 149, "train_loss": 1.0249413981328677, "train_acc": 0.8777246145667198, "_timestamp": 1647455619, "_runtime": 213, "_step": 319, "val_loss": 1.3008244993469933, "val_acc": 0.5927272727272728, "val_acc_best": 0.6509090909090909, "_wandb": {"runtime": 214}}