{"epoch": 974, "train_loss": 1.0488849107348368, "train_acc": 0.8522062732589049, "_timestamp": 1647416038, "_runtime": 4708, "_step": 1964, "val_loss": 1.3768206802281466, "val_acc": 0.5272727272727272, "val_acc_best": 0.5818181818181818, "_wandb": {"runtime": 4709}}