{"epoch": 58, "val_loss": 2759.106330737733, "val_mae": 132437.10348135966, "_timestamp": 1647937984, "_runtime": 62, "_step": 116, "train_loss": 2810.321950959143, "train_mae": 2810.321955005673}