{"epoch": 99, "train_loss": 1.5718998735981504, "train_acc": 0.3312068048910154, "_timestamp": 1647370578, "_runtime": 102, "_step": 219, "val_loss": 1.5675602063265714, "val_acc": 0.38545454545454544, "val_acc_best": 0.38545454545454544, "_wandb": {"runtime": 103}}