{"epoch": 169, "val_loss": 1603.4593505859375, "val_mae": 76966.05015625, "_timestamp": 1647962684, "_runtime": 105, "_step": 338, "train_loss": 1541.0191107855903, "train_mae": 1541.0191078382634}