{"epoch": 4, "val_loss": 66.32311792373658, "val_mae": 1459.1086006566097, "_timestamp": 1648881926, "_runtime": 21, "_step": 12, "train_loss": 75.8175814886513, "train_mae": 75.81758162169677}