{"epoch": 19, "val_loss": 44415631.333333336, "val_mae": 185425.62637061405, "_timestamp": 1647940694, "_runtime": 26, "_step": 38, "train_loss": 40844215.514601424, "train_mae": 3864.206676953845}