{"epoch": 1, "train_loss": 1.5058168073653668, "train_acc": 0.42317916002126527, "_timestamp": 1647925654, "_runtime": 11, "_step": 5, "val_loss": 1.4569855414737354, "val_acc": 0.49818181818181817, "val_acc_best": 0.49818181818181817}