{"epoch": 67, "train_loss": 1.4070262721499558, "train_acc": 0.5157232704402516, "_timestamp": 1648792007, "_runtime": 114, "_step": 135, "val_loss": 1.4223927050828933, "val_acc": 0.475}