{"epoch": 98, "train_loss": 1.0289493002579733, "train_acc": 0.8761297182349814, "_timestamp": 1647416237, "_runtime": 144, "_step": 211, "val_loss": 1.3093552734635092, "val_acc": 0.5854545454545454, "val_acc_best": 0.6363636363636364, "_wandb": {"runtime": 145}}