{"epoch": 149, "train_loss": 1.2176368062259162, "train_acc": 0.7091972355130249, "_timestamp": 1647490843, "_runtime": 175, "_step": 318, "val_loss": 1.3089332287961786, "val_acc": 0.5745454545454546, "val_acc_best": 0.6181818181818182, "_wandb": {"runtime": 176}}