{"epoch": 5, "train_loss": 20237120.418454025, "train_mae": 129911.3265538674, "_timestamp": 1647895084, "_runtime": 92, "_step": 11, "val_loss": 20153330.157660812, "val_mae": 129561.5695514441}