{"epoch": 6, "train_loss": 19273611.42559195, "train_mae": 129503.51166148197, "_timestamp": 1647894610, "_runtime": 107, "_step": 13, "val_loss": 19237294.155542128, "val_mae": 129126.02076740701}