{"epoch": 70, "train_loss": 2727.815576615066, "train_mae": 2727.815571765654, "_timestamp": 1647897358, "_runtime": 85, "_step": 141, "val_loss": 2722.3958493952164, "val_mae": 130675.00198739035}