{"epoch": 99, "train_loss": 0.06210069307158998, "train_acc": 0.9833333333333333, "_timestamp": 1647351143, "_runtime": 51, "_step": 211, "val_loss": 0.059191841279971416, "val_acc": 0.97, "accuracy": 0.99, "_wandb": {"runtime": 52}}