{"epoch": 4, "val_loss": 1526.0069641113282, "val_mae": 73248.333984375, "_timestamp": 1647960786, "_runtime": 12, "_step": 8, "train_loss": 1518.392717138826, "train_mae": 1518.3927177806258}