{"epoch": 0, "val_loss": 1.7403383553028107, "val_mae": 133514.6974712171, "_timestamp": 1649339360, "_runtime": 22, "_step": 7, "train_loss": 1.7356288410582632, "train_mae": 2217.6654987745974, "train_acc": 0.16915618448637318, "val_acc": 0.16449424342105262, "_wandb": {"runtime": 21}}