{"epoch": 99, "train_loss": 0.07680063259247011, "train_acc": 0.9816666666666667, "_timestamp": 1647349303, "_runtime": 51, "_step": 199, "val_loss": 0.08239658193895594, "val_acc": 0.97, "_wandb": {"runtime": 51}}