{"epoch": 31, "val_loss": 2454.959278842859, "val_mae": 117838.04594983552, "_timestamp": 1647943294, "_runtime": 50, "_step": 62, "train_loss": 2477.093172839616, "train_mae": 2477.093171795868}