{"epoch": 149, "train_loss": 1.0718734255818088, "train_acc": 0.8373205741626795, "_timestamp": 1647456793, "_runtime": 212, "_step": 321, "val_loss": 1.3080516769669273, "val_acc": 0.5890909090909091, "val_acc_best": 0.6181818181818182, "_wandb": {"runtime": 214}}