{"epoch": 39, "val_loss": 1282.665301513672, "val_mae": 61567.9351613898, "_timestamp": 1647961539, "_runtime": 81, "_step": 79, "train_loss": 1298.6979111493645, "train_mae": 1298.6979115897777}