{"epoch": 99, "train_loss": 0.04770120840544526, "train_acc": 0.9875, "_timestamp": 1647351075, "_runtime": 51, "_step": 214, "val_loss": 0.09403849208370957, "val_acc": 0.98, "accuracy": 1.0, "_wandb": {"runtime": 51}}