{"epoch": 149, "train_loss": 1.4546485873754198, "train_acc": 0.46730462519936206, "_timestamp": 1647492616, "_runtime": 164, "_step": 338, "val_loss": 1.4315095994689249, "val_acc": 0.5272727272727272, "val_acc_best": 0.5309090909090909, "_wandb": {"runtime": 166}}