{"epoch": 34, "train_loss": 2715.9893170652563, "train_mae": 2715.98931896006, "_timestamp": 1647896703, "_runtime": 45, "_step": 69, "val_loss": 2714.1519314949974, "val_mae": 130279.29365405702}