{"epoch": 5, "val_loss": 3637.8640479372257, "val_mae": 174617.4761513158, "_timestamp": 1647926583, "_runtime": 8, "_step": 10, "train_loss": 3662.5282052754415, "train_mae": 3662.5282072665914}