{"epoch": 199, "train_loss": 1.4930078814728092, "train_acc": 0.4556087187666135, "_timestamp": 1647372658, "_runtime": 206, "_step": 448, "val_loss": 1.4827076682177458, "val_acc": 0.48727272727272725, "val_acc_best": 0.49454545454545457, "_wandb": {"runtime": 208}}