{"epoch": 35, "val_loss": 27552413.718201753, "val_mae": 144192.05554413376, "_timestamp": 1647940099, "_runtime": 37, "_step": 70, "train_loss": 23891959.143893056, "train_mae": 2990.031210048548}