{"epoch": 99, "train_loss": 1.5723620779903438, "train_acc": 0.39128123338649656, "_timestamp": 1647372348, "_runtime": 104, "_step": 229, "val_loss": 1.5703333538228814, "val_acc": 0.3890909090909091, "val_acc_best": 0.3890909090909091, "_wandb": {"runtime": 107}}