{"epoch": 72, "val_loss": 1673.9637908935547, "val_mae": 80350.26242804276, "_timestamp": 1648796301, "_runtime": 130, "_step": 144, "train_loss": 1653.0843667084316, "train_mae": 1653.0843716560755}