{"epoch": 69, "val_loss": 5101449.90720943, "val_mae": 64474.05144942434, "_timestamp": 1647942308, "_runtime": 102, "_step": 138, "train_loss": 5647728.693320837, "train_mae": 1438.2412903265588}