{"epoch": 99, "train_loss": 0.07374346851473092, "train_acc": 0.9783333333333334, "_timestamp": 1647350040, "_runtime": 55, "_step": 220, "val_loss": 0.09895437170402147, "val_acc": 0.97, "val_mae_best": 0.99, "_wandb": {"runtime": 52}}