{"epoch": 60, "val_loss": 803.863377380371, "val_mae": 38585.44072008635, "_timestamp": 1649262481, "_runtime": 122, "_step": 120, "train_loss": 760.7882252819134, "train_mae": 760.7882187561419}