{"epoch": 4, "train_loss": 1.5173534368353747, "train_acc": 0.38279400157853194, "_timestamp": 1647926682, "_runtime": 37, "_step": 9, "val_loss": 1.527513485728236, "val_acc": 0.3713496448303078}