{"epoch": 0, "val_loss": 3937.454394959567, "val_mae": 188997.8123629386, "_timestamp": 1647943158, "_runtime": 2, "_step": 0}