{"epoch": 6, "train_loss": 24687091.16161616, "train_mae": 139368.53460122054, "_timestamp": 1647894293, "_runtime": 52, "_step": 12, "val_loss": 24782449.215879045, "val_mae": 138660.46726735152}