{"epoch": 11, "val_loss": 3380.6999169065243, "val_mae": 162273.59443530702, "_timestamp": 1647926518, "_runtime": 14, "_step": 22, "train_loss": 3398.6389834577867, "train_mae": 3398.638989174313}