{"epoch": 149, "train_loss": 1.0934329129862443, "train_acc": 0.8165869218500797, "_timestamp": 1647455388, "_runtime": 210, "_step": 318, "val_loss": 1.30580331065438, "val_acc": 0.5890909090909091, "val_acc_best": 0.6181818181818182, "_wandb": {"runtime": 211}}