{"epoch": 99, "train_loss": 0.22442356508837943, "train_mae": 0.366871651496206, "_timestamp": 1647351895, "_runtime": 18, "_step": 215, "val_loss": 0.11650174989207539, "val_mae": 0.28313065919221614, "val_mae_best": 0.2670342028141022, "_wandb": {"runtime": 19}}