{"epoch": 17, "train_loss": 2713.456029131738, "train_mae": 2713.4560251735256, "_timestamp": 1647898631, "_runtime": 187, "_step": 35, "val_loss": 2707.5317462297903, "val_mae": 129961.52404486484}