{"epoch": 9, "val_loss": 723.0419570922852, "val_mae": 34706.013432874184, "_timestamp": 1648822549, "_runtime": 19, "_step": 19, "train_loss": 702.4027917250147, "train_mae": 702.4027881848904, "_wandb": {"runtime": 21}}