{"epoch": 99, "train_loss": 0.05656342488647662, "train_acc": 0.9883333333333333, "_timestamp": 1647351483, "_runtime": 53, "_step": 209, "val_loss": 0.04732027206231578, "val_acc": 0.98, "accuracy": 0.99, "_wandb": {"runtime": 53}}