{"epoch": 8, "train_loss": 23640088.899210732, "train_mae": 140033.35713915745, "_timestamp": 1647894769, "_runtime": 132, "_step": 16, "val_loss": 23643092.87318962, "val_mae": 140024.18558957553}