{"epoch": 87, "val_loss": 3504775.60745614, "val_mae": 55264.43612938596, "_timestamp": 1647942449, "_runtime": 125, "_step": 174, "train_loss": 2968997.868994179, "train_mae": 1125.12168190988}