{"epoch": 491, "val_loss": 26110095.441885963, "val_mae": 141086.42636376095, "_timestamp": 1647940628, "_runtime": 503, "_step": 982, "train_loss": 23039916.434984215, "train_mae": 2943.2464680218814}