{"epoch": 1, "train_loss": 1.5046532686401464, "train_acc": 0.3920990566037736, "_timestamp": 1648792331, "_runtime": 9, "_step": 2, "val_loss": 1.5206233888864518, "val_acc": 0.3830592105263158}