{"epoch": 12, "train_loss": 3937.537998840766, "train_mae": 3937.5380083468995, "_timestamp": 1647896617, "_runtime": 18, "_step": 25, "val_loss": 3937.5379124691613, "val_mae": 189001.82209429826}