{"epoch": 0, "train_loss": 1.597148582315521, "train_acc": 0.24880382775119617, "_timestamp": 1647368384, "_runtime": 4, "_step": 0, "_wandb": {"runtime": 5}}