{"epoch": 2, "train_loss": 21166398.58826707, "train_mae": 2759.2844720781745, "_timestamp": 1647895363, "_runtime": 46, "_step": 5, "val_loss": 20888060.808334157, "val_mae": 131826.97441020867}