{"epoch": 28, "train_loss": 25235170.941298343, "train_mae": 3015.446420157216, "_timestamp": 1647895831, "_runtime": 31, "_step": 57, "val_loss": 28729235.512061402, "val_mae": 143874.94431880483}