{"epoch": 11, "val_loss": 1431.3225402832031, "val_mae": 68703.48054070724, "_timestamp": 1647962079, "_runtime": 23, "_step": 22, "train_loss": 1436.6742732773068, "train_mae": 1436.674286969035}