{"epoch": 99, "train_loss": 1.411753007701456, "train_acc": 0.48484848484848486, "_timestamp": 1647368704, "_runtime": 110, "_step": 215, "val_loss": 1.3970518935810436, "val_acc": 0.5127272727272727, "val_acc_best": 0.5418181818181819, "_wandb": {"runtime": 110}}