{"epoch": 2, "val_loss": 3805.9644475568803, "val_mae": 182686.2931743421, "_timestamp": 1647900797, "_runtime": 4, "_step": 4, "train_loss": 3836.8256949625716, "train_mae": 3836.8256893745065}