{"epoch": 300, "val_loss": 875.6417236328125, "val_mae": 42030.80265625, "_timestamp": 1647963953, "_runtime": 76, "_step": 600, "train_loss": 740.2315719604492, "train_mae": 740.2315606368217}