{"epoch": 99, "train_loss": 0.028665094864997704, "train_acc": 0.9916666666666667, "_timestamp": 1647351688, "_runtime": 50, "_step": 213, "val_loss": 0.021118076744496648, "val_acc": 0.99, "accuracy": 1.0, "_wandb": {"runtime": 51}}