{"epoch": 11, "val_loss": 724.6943801879883, "val_mae": 34785.33008583471, "_timestamp": 1648880184, "_runtime": 22, "_step": 22, "train_loss": 721.6038660973123, "train_mae": 721.6038681872653}