{"epoch": 27, "val_loss": 1056435.4336622807, "val_mae": 32460.93911903783, "_timestamp": 1647941141, "_runtime": 34, "_step": 54, "train_loss": 864116.5710246892, "train_mae": 645.0290953032251}