{"epoch": 0, "val_loss": 3937.9973999023437, "val_mae": 189023.8760279605, "_timestamp": 1648819336, "_runtime": 2, "_step": 0}