{"epoch": 99, "train_loss": 1.4320642528294016, "train_acc": 0.4674069706498952, "_timestamp": 1649265172, "_runtime": 158, "_step": 199, "val_loss": 1.4433006435632705, "val_acc": 0.44749177631578946, "_wandb": {"runtime": 158}}