{"epoch": 99, "train_loss": 0.0685420433197578, "train_acc": 0.9908333333333333, "_timestamp": 1647349966, "_runtime": 52, "_step": 218, "val_loss": 0.06110870179836638, "val_acc": 0.99, "val_mae_best": 0.99, "_wandb": {"runtime": 51}}