{"epoch": 99, "train_loss": 1.1609971236510837, "train_acc": 0.7666135034556087, "_timestamp": 1647372088, "_runtime": 129, "_step": 214, "val_loss": 1.350917285789143, "val_acc": 0.5381818181818182, "val_acc_best": 0.5818181818181818, "_wandb": {"runtime": 132}}