{"epoch": 58, "val_loss": 2714.867392021313, "val_mae": 130313.63363486843, "_timestamp": 1647900365, "_runtime": 66, "_step": 116, "train_loss": 2719.777252703082, "train_mae": 2719.7772488171286}