{"epoch": 5, "val_loss": 1.5274860996285478, "val_mae": 124246.54913651316, "_timestamp": 1647926460, "_runtime": 152, "_step": 211, "train_loss": 1.517267073950809, "train_mae": 2627.7019868332345, "train_acc": 0.38279400157853194, "val_acc": 0.3713496448303078}