{"epoch": 15, "train_loss": 19441980.416379735, "train_mae": 2664.429704543598, "_timestamp": 1647895706, "_runtime": 240, "_step": 30, "val_loss": 19458166.96470748, "val_mae": 127951.89963434786}