{"epoch": 99, "train_loss": 0.21599406577801952, "train_acc": 0.9391666666666667, "_timestamp": 1647350116, "_runtime": 52, "_step": 217, "val_loss": 0.24336954639293254, "val_acc": 0.92, "val_mae_best": 0.93, "_wandb": {"runtime": 52}}