{"epoch": 0, "val_loss": 3935.540985107422, "val_mae": 188905.9678248355, "_timestamp": 1647960666, "_runtime": 2, "_step": 0}