{"epoch": 249, "train_loss": 1.4052479845421673, "train_acc": 0.5050505050505051, "_timestamp": 1647493427, "_runtime": 271, "_step": 540, "val_loss": 1.3851001609455456, "val_acc": 0.5418181818181819, "val_acc_best": 0.5454545454545454, "_wandb": {"runtime": 273}}