{"epoch": 98, "val_loss": 30434792.013157893, "val_mae": 133925.95189144736, "_timestamp": 1647940823, "_runtime": 115, "_step": 196, "train_loss": 26727835.376183897, "train_mae": 2794.028256467254}