{"epoch": 17, "train_loss": 3055.2021131748843, "train_mae": 3055.2021068160516, "_timestamp": 1647896650, "_runtime": 24, "_step": 35, "val_loss": 3036.7233501233554, "val_mae": 145762.72108004385}