{"epoch": 149, "train_loss": 1.0033107958595402, "train_acc": 0.8995215311004785, "_timestamp": 1647455849, "_runtime": 217, "_step": 314, "val_loss": 1.2668805605714972, "val_acc": 0.6327272727272727, "val_acc_best": 0.6509090909090909, "_wandb": {"runtime": 219}}